url;title;des;h1
/;Проститутки и индивидуалки :city2 | Шлюхи :city2;Каталог реальных проституток города :city. Реальные анкеты с фото, телефонами и ценами. Снять индивидуалку :city3 для интим услуг.;Проститутки :city2
abkhazka;Проститутки абхазки :city2;Проститутки Абхазки представленны на нашем сайте с подробными анкетами с фото, отзывами и параметрами. Индивидуалки Абхазки предоставляют широкий спектр услуг, как входящих в стоимость так и за отдельную плату. Чтобы снять шлюху переходите на сайт, выбирайте понравившуюся и звоните ей!;Проститутки Абхазки
adygeyka;Проститутки и индивидуалки Aдыгейки :city3;Проститутки Адыгейки представленны на нашем сайте с подробными анкетами с фото, отзывами и параметрами. Индивидуалки Адыгейки предоставляют широкий спектр услуг, как входящих в стоимость так и за отдельную плату. Чтобы снять шлюху переходите на сайт, выбирайте понравившуюся и звоните ей!;Проститутки Адыгейки
amerikanka;Проститутки американки :city3. Снять шлюху из США;Проститутки Американки представленны на нашем сайте с подробными анкетами с фото, отзывами и параметрами. Индивидуалки Американки предоставляют широкий спектр услуг, как входящих в стоимость так и за отдельную плату. Чтобы снять шлюху переходите на сайт, выбирайте понравившуюся и звоните ей!;Проститутки Американки
analnyy-seks;Анальные проститутки :city2 | Индивидуалки с услугой анал;Услуги от индивидуалок :city2: секс анальный - горячие девушки ждут сильных ощущений и готовы подарить незабываемый оргазм. Звоните в любое время.;Секс анальный – услуги проституток
anilingus;Услуги от индивидуалок :city2: анилингус;Услуги от индивидуалок :city2: анилингус - порадуйте себя необычными наслаждениями - чувственные удовольствия можно получить уже сегодня. Не откладывайте, звоните!;Анилингус – услуги проституток
apartamenty;Проститутки с апартаментами :city | Снять индивидуалку с апартаментами;Индивидуалки с апартаментами - проститутки :city3 примут клиента в своих апартаментах;Проститутки с апартаментами
arabka;Проститутки арабки :city3, снять арабку для интим досуга;Проститутки Арабки представленны на нашем сайте с подробными анкетами с фото, отзывами и параметрами. Индивидуалки Арабки предоставляют широкий спектр услуг, как входящих в стоимость так и за отдельную плату. Чтобы снять шлюху переходите на сайт, выбирайте понравившуюся и звоните ей!;Проститутки Арабки
armyanka;Проститутки Армянки :city3. Снять армянскую индивидуалку;Индивидуалки армянки – это страстные и горячие шлюхи, которые удивят любого мужчину. Дешевые проститутки Армянки собраны на нашем сайте, так что вам не составит труда снять любую понравившуюся! Звоните;Проститутки Армянки
azerbaydzhanka;Проститутки индивидуалки Азербайджанки :city3, снять азеррбайджанку ;Проститутки Азербайджанки представленны на нашем сайте с подробными анкетами с фото, отзывами и параметрами. Индивидуалки Азербайджанки предоставляют широкий спектр услуг, как входящих в стоимость так и за отдельную плату. Чтобы снять шлюху переходите на сайт, выбирайте понравившуюся и звоните ей!;Проститутки Азербайджанки
aziatka;Проститутки Азиатки :city3, индивидуалки и шлюхи из Азии;Проститутки Азиатки - это настоящие восточные красотки готовые на любые сексуальные эксперименты. Снять индивидуалку Азиатку теперь можно очень просто - на нашем сайте предложенно множество анкет с фото, параметрами и номерами телефона. Заходите и выбирайте!;Проститутки Азиатки
bandazh;Услуга проституток :city2 - бандаж;Услуги проституток :city2 бандаж от индивидуалок: это и многое другое горячие девочки готовы предоставить истинным ценителям;Бандаж
bdsm;БДСМ проститутки :city2;БДСМ проститутки  :city2 предлагают свои услуги на нашем сайте, выьирайте нужную девушку и звоните по номеру в анкете;Проститутки с услугой БДСМа
beloruska;Белоруские проститутки и индивидуалки :city3;Проститутки Белоруски представленны на нашем сайте с подробными анкетами с фото, отзывами и параметрами. Индивидуалки Белоруски предоставляют широкий спектр услуг, как входящих в стоимость так и за отдельную плату. Чтобы снять шлюху переходите на сайт, выбирайте понравившуюся и звоните ей!;Проститутки Белоруски
blondinka;Проститутки блондинки :city3;В данном разделе собраны все проститутки блондинки :city2;Проститутки блондинки :city3
bodi-massazh;Проститутки с услугой Боди массажа :city3;Для желающих снять проститутку с услугой боди массажа :city3 в каталоге сайта подготовлен выбор проверенных девушек, которые помогут забыть о повседневной усталости и рутине.;Проститутки с услугой Боди массажа
bryunetka;Проститутки брюнетки :city3;В данном разделе собраны все проститутки брюнетки :city2;Проститутки брюнетки :city3
cheshka;Чешские проститутки :city3. Снять индивидулку из Чехии;Проститутки Чешки представленны на нашем сайте с подробными анкетами с фото, отзывами и параметрами. Индивидуалки Чешки предоставляют широкий спектр услуг, как входящих в стоимость так и за отдельную плату. Чтобы снять шлюху переходите на сайт, выбирайте понравившуюся и звоните ей!;Проститутки Чешки
do-1500-rub;Самые дешевые проститутки :city2 – доступная страсть для идеального досуга;Анкеты дешевых шлюх :city2 открывают интригующие возможности для соблазна и наслаждения по доступным ценам. Лучшие предложения дешевых проституток с удобной навигацией на страницах нашего портала.;Дешевые проститутки :city2
eroticheskiy-massazh;Услуги от индивидуалок :city2: массаж эротический;Услуги от индивидуалок :city2: массаж эротический - полное снятие стресса и полноценная подготовка к любовным приключениям, ждем вас.;Массаж эротический – услуги проституток
eskort;Услуги от индивидуалок :city2: роскошный эскорт;Услуги от индивидуалок :city2: роскошный эскорт - для тех, кото желает продемонстрировать сво состоятельность эффектным сопровождением, вы произведете неизгладимое впечатление!;Эскорт – услуги проституток
evreyka;Проститутки Еврейки :city3, снять еврейскую шлюху;Проститутки Еврейки представленны на нашем сайте с подробными анкетами с фото, отзывами и параметрами. Индивидуалки Еврейки предоставляют широкий спектр услуг, как входящих в стоимость так и за отдельную плату. Чтобы снять шлюху переходите на сайт, выбирайте понравившуюся и звоните ей!;Проститутки Еврейки
fetish;Фетиш простиутки :city2;Услуги от проституток :city2: садо-мазо, бдсм фетиш - дабавьте ощущений, которых вам так не хватает в жизни, не откладывайте, звоните!;Фетиш
fisting-analnyy;Простиутки с услугой фистинг анальный :city2 от 1500 рублей;Услуги от индивидуалок :city2: фистинг анальный порадуйет себя уточненными удовольствиями в компании страстных и умелых жриц любви. Звоните в любое время дня и ночи, вы не пожалеете!;Фистинг анальный
fisting-klassicheskiy;Услуги от проституток :city2: фистинг классический;Услуги от проституток :city2: фистинг классический - для ценителей тонких удовольствий, которых нет в привычной жизни. Устройте себе праздник!;Фистинг классически – услуги проституток
fotovideo-semka;Услуги от индивидуалок :city2: дополнительно фото и видео;Услуги от индивидуалок :city2: дополнительно фото и видео - на память о незабываемых встречах и о интимных наслаждений со страстными и умелыми девушками.;Фото/Видео – услуги проституток
gospozha;Проститутки госпожи :city2 | Секс услуги госпожи;Индивидуалки :city2 госпожи: для тех, кто ценит разнообразие в сексе и любит горячие, возбуждющие эксперименты;Госпожа
igrushki;Услуги от индивидуалок :city2: экстрим игрушки;Услуги от индивидуалок :city2: экстрим игрушки - интимные развлдечения для тех, кто устал от однообразного секса и желает новых и ярких ощущений!;Экстрим игрушки – услуги проституток
kalmychka;Проститутки Калмычки :city3 – самые дешевые и сексуальные индивидуалки для съема;Проститутки Калмычки представленны на нашем сайте с подробными анкетами с фото, отзывами и параметрами. Индивидуалки Калмычки предоставляют широкий спектр услуг, как входящих в стоимость так и за отдельную плату. Чтобы снять шлюху переходите на сайт, выбирайте понравившуюся и звоните ей!;Проститутки Калмычки
kazashka;Проститутки казашки :city3. Снять индвидуалку казашку;Реальные проститутки казашки для отличного проведения досуга! Индивидуалки из Казахстана к вашим услугам, исполнят любые ваши желания за скромную плату!;Проститутки казашки
kirgizka;Проститутки Киргизки – лучшие индивидуалки киргизки :city2;Киргизки проститутки :city2 представлены в данном разделе, здесь всегда можно снять подходящую индивидуалку! Выбрать шлюху вы можете исходя из фото и видео, параметров и цены! Все данные подробно предоставленны на сайте!;Киргизки проститутки
kitayanka;Проститутки Китаянки, снять китайскую шлюху :city3;Проститутки Китаянки представленны на нашем сайте с подробными анкетами с фото, отзывами и параметрами. Индивидуалки Китаянки предоставляют широкий спектр услуг, как входящих в стоимость так и за отдельную плату. Чтобы снять шлюху переходите на сайт, выбирайте понравившуюся и звоните ей!;Проститутки Китаянки
klizma;Проститутки с услугой Клизма :city3;В перечне интимных услуг многих девушек присутствует и такая услуга, как клизма. Для тех, кого интересует именно она, мы и собрали анкеты девочек в текущем разделе каталога;проститутки с услугой Клизма
kopro;Услуги от проституток :city2: копро (выдача);Услуги от проституток :city2: копро (выдача) - окунитель в водоворот необычных развлечений, это запомнится надолго и вас будут ждать здесь снова.;Копро выдача – услуги проституток
koreyanka;Проститутки Кореянки :city3, снять корейскую индивидуалку ;Проститутки Кореянки представленны на нашем сайте с подробными анкетами с фото, отзывами и параметрами. Индивидуалки Кореянки предоставляют широкий спектр услуг, как входящих в стоимость так и за отдельную плату. Чтобы снять шлюху переходите на сайт, выбирайте понравившуюся и звоните ей!;Проститутки Кореянки
kruglosutochno;Проститутки круглосуточно :city3;Проститутки и индивидуалки работающие круглосуточно :city3 – комфортные возможности выбора страсти и наслаждения без лишних трат времени. Подарите себе идеальный досуг благодаря проверенным анкетам нашего портала.;Проститутки работающие круглосуточно
kunnilingus;Проститутки с услугой кунилингус :city2;Услуги от индивидуалок :city2: кунилингус - мы знаем, чего вам не хватает и готовы подарить невероятный, чувственный куннилингус в любое время дня и ночи!;Кунилингус – услуги проституток
legkaya-dominatsiya;Услуги от проституток :city2 легкая доминация;Услуги от проституток :city2:  легкая доминация - все, чего вы ждали от профессиональной жрицы любви, и даже немного больше! Звоните, вы не пожалеете!;Лёгкая доминация – услуги проституток
legkoe-podchinenie;Проститутки с услугой БДСМ легкое подчиннение :city3 – интригующий мир страсти;Проститутки с услугой БДСМ легкое подчинение :city3 способны взять все заботы на себя – позволяя клиенту сконцентрироваться на своем удовольствии и страсти. На страницах нашего портала только проверенные путаны столицы, готовые очаровывать и соблазнять.;Проститутки с услугой бдсм лёгкое подчинение
lesbi-otkrovennoe;Услуги от индивидуалок :city2: лесби шоу (откровенное);Услуги от индивидуалок :city2: лесби шоу (откровенное) - развлечения девушек, за которыми так нравится наблюдать мужчине, они зажигают страсть и радуют глаза!;Лесби шоу откровенное – услуги проституток
lesbi-shou;Услуги от индивидуалок :city2: лесби шоу (легкое);Услуги от индивидуалок :city2: лесби шоу (легкое) - страстные игры девочек возбуждают желание и являются отличной прелюдией к интимным приключениям. Ждем вашего звонка в любое время!;Лесби шоу лёгкое – услуги проституток
massazh-prostaty;Услуги от индивидуалок :city2: массаж простаты;Объявления от частных массажисток с услугой массаж простаты в городе :city.;Проститутки с услугой массажа простаты
minet-bez-rezinki;Услуги от индивидуалок :city2: минет без презерватива;Услуги от индивидуалок :city2: минет без презерватива - непередаваемые наслаждения от жарких оральных ласк. Звоните, вы не пожалеете о своем выборе!;Минет без презерватива – услуги проституток
minet-glubokiy;Услуги от индивидуалок :city2: минет глубокий;Услуги от индивидуалок :city2: минет глубокий - профессиональные путаны знают, как доставить наслаждение мужчине. Страть до глубины души - звоните!;Минет глубокий – услуги проституток
minet-v-mashine;Услуги от индивидуалок :city2: маинет в машине;Услуги от индивидуалок :city2: маинет в машине - быстро, ярко, недорого. Незабываемые встречи позволяют снять стресс и продолжить дела с новым зарядом эмоций;Минет в машине – услуги проституток
minet-v-prezervative;Услуги от индивидуалок :city2: маинет с презервативом;Услуги от индивидуалок :city2: минет с презервативом - защищенный и страстный секс от профессиональных жриц любви. Невероятные ощущения и незабываемые впечатления!;Минет c презервативом – услуги проституток
mulatka;Проститутки и индивидуалки Мулатки :city2;Если мы желаете снять темнокожую мулатку - тогда вам к нам на сайт! Мы собрали всех экзотических девушек мулаток готовых принести вам удовлетворение фантазий! Выбирайте и звоните любой!;Проститутки мулатки
na-chas;Проститутки на час :city3 – идеальные возможности для быстрого релакса;Проститутки на час :city3 – комфортные возможности выбора страсти и наслаждения без лишних трат времени. Подарите себе идеальный досуг благодаря проверенным анкетам нашего портала.;Проститутки на час :city
na-domu;Проститутки :city3 с выездом индивидуалки на дом;Индивидуалки с выездом на дом: проститутки :city рады вашему звонку и готовы в лбое время дня и ночи отправиться к клиенту на дом - незабываемые впечатления гарантированы;Проститутки с выездом на дом
na-dorogakh;Проститутки стоящие на дорогах :city2;Здесь собраны проститутки стоящие на дорогах :city2 с их точным адресов , телефонами и анкетами. ;Проститутки стоящие на дорогах
na-noch;Проститутки на ночь :city3 – роскошные нотки соблазна и страсти;Проститутки на ночь :city3 – идеальный выбор для страстного и впечатляющего секс-марафона, с обилием услуг и предложений для запоминающегося досуга.;Проститутки на ночь :city
na-vyezd;Проститутки на выезд :city3;Самые дешевые проститутки на выезд уже готовы приехать к тебе! Не нужно самому шевелиться и искать. Вы найдете то, что ищете!;Проститутки на выезд, снять индивидуалку с выездом
negrityanka;Проститутки негритянки :city2 – реальные черные индивидуалки;Когда приелись обычные проститутки :city2 стоит снять негритянку. Данные шлюхи доведут до незабываемого оргазма за небольшие деньги! Снять негритянку индивидуалку можно на нашем сайте!;Проститутки негритянки
okonchanie-na-grud;Услуги от индивидуалок :city2: окончание на грудь;Услуги от индивидуалок :city2: окончание на грудь - используйте яркий и приятный акцент в завершении своих наслаждений! Девочки готовы к этому в любой момент.;Окончание на грудь – услуги проституток
okonchanie-na-litso;Услуги от индивидуалок :city2: окончание на лицо;Услуги от индивидуалок :city2: окончание на лицо - завершение приятной встречи может стать ярким и чувственным акцентом в интимных приключениях этого вечера. Ждем вас, звоните!;Окончание на лицо – услуги проституток
okonchanie-v-rot;Услуги от индивидуалок :city2: окончание в рот;Услуги от индивидуалок :city2: окончание в рот - что может быть приятнее кульминации с таким эффектным окончанием? Звоните, вы не пожалеете!;Окончание в рот – услуги проституток
ot-1500-do-2000-rub;Проститутки недорого :city3 – страсть и наслаждение по символической цене;Проститутки недорого :city3 – мир страсти и наслаждения по привлекательным ценам. Для желающих снять стресс и дополнить свой досуг страстью мы собрали лучших недорогих путан столицы на страницах своего портала.;Проститутки недорого
ot-18-do-20-let;Юные проститутки от 18 до 20 лет. Снять юную восемнадцатилетнюю проститутку :city3;Широкий выбор проституток на ваш вкус.Чтобы снять юную проститутку до 20 лет тебе нужно набрать номер в анкете .;Юные проститутки От 18 до 20 лет
ot-2000-do-3000-rub;Проститутки 2000 в час – доступные условия для наслаждения и страсти;Проститутки 2000 в час :city3 – интригующие возможности для страсти и наслаждения благодаря мастерству проверенных путан столицы.;Проститутки 2000 в час
ot-21-do-25-let;Молодые проститутки от 21 до 25 лет. Снять сексуальную молодую проститутку :city3;Снять проститутку до 25 лет. Широкий выбор проституток на ваш вкус. Чтоб снять молодую проститутку тебе нужно всего лишь набрать номер в анкете.;Молодые проститутки От 21 до 25 лет
ot-26-do-30-let;Взрослые проститутки от 26 до 30 лет. Снять похотливую взрослую проститутку :city3;Широкий выбор проституток на ваш вкус. Чтобы снять похотливую взрослую проститутку до 30 лет тебе нужно всего лишь набрать номер в анкете .;Взрослые проститутки От 26 до 30 лет
ot-3000-do-6000-rub;Проститутки от 3000 до 6000 руб в час :city3 – элитные принципы страсти и наслаждения;Проститутки от 3000 до 6000 руб в час – особая категория путан, знающих себе цену и готовых воплощать самые смелые фантазии клиента. Элитные проститутки :city2 со всем трепетом и нежностью относятся к наслаждению клиента.;Проститутки от 3000 до 6000 руб в час
ot-31-do-35-let;Опытные проститутки от 31 до 35 лет. Снять профессиональную опытную проститутку :city3;Снять проститутку до 35 лет. Широкий выбор проституток на ваш вкус. Чтоб снять профессиональную опытную проститутку тебе нужно всего лишь набрать номер в анкете.;Опытные проститутки От 31 до 35 лет
ot-36-do-40-let;Зрелые проститутки от 36 до 40 лет. Снять зрелую проститутку недорого :city3;Широкий выбор проституток на ваш вкус. Чтобы снять безотказную зрелую проститутку до 40 лет  тебе нужно всего лишь набрать номер в анкете.;Зрелые проститутки От 36 до 40 лет
ot-40-do-50-let;Пожилые проститутки от 41 до 50 лет. Снять пожилую проститутку :city3;Снять проститутку до 50 лет. Широкий выбор проституток на ваш вкус. Чтоб снять безотказную пожилую проститутку тебе нужно всего лишь набрать номер в анкете чтобы .;Пожилые проститутки От 40 до 50 лет
ot-50-do-75-let;Старые проститутки от 50 лет. Снять сексуальную старую проститутку :city3;Широкий выбор проституток на ваш вкус. Чтобы снять старую проститутку от 50 лет тебе нужно всего лишь набрать номер в анкете .;Старые проститутки От 50 до 75 лет
ot-6000-rub;Элитные и ВИП проститутки :city2.- лучшие стандарты страсти для идеального досуга;Элитные и ВИП проститутки :city2 становятся оптимальным выбором для искушенных ценителей страсти и идеального досуга. Проверенные анкеты элитных путан на страницах нашего портала для яркого праздника соблазна.;Элитные проститутки :city2
porka;Услуги индивидуалок :city2: порка;Услуги индивидуалок :city2: садо-мазо, БДСМ, порка - вам гарантирована вся гамма ощущений, в которых вы нуждаетесь: полное погружение в мир новых ощущений!;Порка – услуги проституток
po-vyzovu;Проститутки По вызову :city3;Самые дешевые проститутки на выезд уже готовы приехать к тебе! Не нужно самому шевелиться и искать;проститутки По вызову
professionalnyy-massazh;Услуги индивидуалок :city2 - профессиональный массаж;Услуги индивидуалок :city2 - профессиональный массаж: горячий, возбуждающий: отличная прелюдия для дальнейших наслаждений!;Массаж профессиональный – услуги проституток
rabynya;Услуги от индивидуалок :city2: рабыня;Услуги от индивидуалок :city2: садо-мазо, БДСМ, рабыня - для ценителей изощренных наслаждений. Вы не пожалеете о своем выборе!;Рабыня – услуги проституток
rasslablyayushchiy-massazh;Услуги индивидуалок :city2 - расслабляющий массаж;Услуги индивидуалок :city2 - расслабляющий массаж: полное снятие стресса, накопленного за тяжелый день, и подготовка к настоящим удовольствиям;Массаж расслабляющий – услуги проституток
rolevye-igry;Услуги проституток :city2: ролевые игры;Услуги проституток :city2: садо-мазо, ролевые игры: страстные девочки внесут разнообразие в серую повседневность и с удовольствием поиграют в вашу игру;Ролевые игры – услуги проституток
rusaya;Русые проститутки :city3;В данном разделе собраны все русые проститутки :city2;Русые проститутки :city3
russkaya;Русские проститутки и индивидулки :city3;Русские проститутки :city2 это то что никогда не надоест. Русские индивидуалки всегда найдут способ заинтересовать вас и скрасить вечер! Выбрать подходящую довольно легко: стоит перейти на сайт, выбрать подходящую анкету по фото, параметрам и отзывам и позвонить по указанному номеру!;Проститутки русские
ryzhaya;Рыжие проститутки :city3;В данном разделе собраны все рыжие проститутки :city2;Рыжие проститутки :city3
s-akuratnoy-strizhkoy;Проститутки с акуратной стрижкой :city3;Проститутки с акуратной стрижкой. Если вам нравится заниматься сексом с девушкой с акуратной стрижкой то выбирайте услуги проституток :city3 с акуратной стрижкой;Проститутки с акуратной стрижкой
seks-gruppovoy;Услуги от индивидуалок :city2: секс групповой;Услуги от индивидуалок :city2: секс групповой - интимные услуги для компании, страстные девочки хотят развлекаться вместе!;Секс групповой – услуги проституток
seks-klassicheskiy;Услуги от индивидуалок :city2: секс классический;Услуги от индивидуалок :city2: секс классический - для тех, кто устал от отсутствия женской ласки и хочет упокоить разгоряченное страстью тело. Только качественные интим-услуги!;Секс классический – услуги проституток
seks-lesbiyskiy;Услуги от индивидуалок :city2: секс лесбийский;Услуги от индивидуалок :city2: секс лесбийский - для дам, которые устали от одиночества в поиске пары. Женские ласки и множественные оргазмы всю ночь напролет!;Секс лесбийский – услуги проституток
shatenka;Проститутки шатенки :city3;В данном разделе собраны все проститутки шатенки :city2;Проститутки шатенки :city3
s-naturalnoy-rastitelnostyu;Проститутки с натуральной растительностью :city3;Проститутки с натуральной растительностью. Если вам нравится заниматься сексом с девушкой с натуральной растительностью, то выбирайте услуги проституток :city3 с натуральной растительностью;Проститутки с натуральной растительностью
s-polnoy-depilyatsiey;Проститутки с полной депиляцией :city3;Проститутки - полная депиляция. Если вам нравится заниматься сексом с девушкой с гладко выбритой киской, то выбирайте услуги проституток :city3 с полной депиляцией. ;Проститутки с полной депиляцией
strapon;Услуги от проституток :city2: экстрим, страпон;Услуги от проституток :city2: экстрим, страпон - увлекательные интимные приключения от горячих и страстных любительниц серьезной игры.;Страпон – услуги проституток
striptiz;Услуги от индивидуалок :city2: стриптиз (не профи);Услуги от индивидуалок :city2: стриптиз (не профи) - порадуйте свои глаза созерцанием гибкого тела, которое извивается от страсти в предвкушении любовных игр!;Стриптиз не профи – услуги проституток
striptiz-profi;Услуги от индивидуалок :city2: стриптиз (профи);Услуги от индивидуалок :city2: стриптиз (профи)- умелые прелестницы способны очаровать и поднять настроение только лишь страстными движениями тела. Звоните, девушки ждут вас!;Стриптиз профи – услуги проституток
tadzhichka;Проститутки таджички :city3, снять таджичку индивидуалку;Проститутки и индивидуалки таджички из средней азии удивят вас своей безотказностю и восточная покорностью. Этих шлюх довольно легко снять за небольшую сумму, так что они подойдут под любой карман! Выбирайте и звоните любой!;Проститутки таджички
tatarka;Проститутки Татарки :city3, снять татарскую шлюху;Проститутки Татарки представленны на нашем сайте с подробными анкетами с фото, отзывами и параметрами. Индивидуалки Татарки предоставляют широкий спектр услуг, как входящих в стоимость так и за отдельную плату. Чтобы снять шлюху переходите на сайт, выбирайте понравившуюся и звоните ей!;Проститутки Татарки
tayka;Тайские проститутки :city3. Только реальные тайские шлюхи и индивидуалки ;Тайские проститутки представленны на нашем сайте с подробными анкетами с фото, отзывами и параметрами. Тайские Индивидуалки предоставляют широкий спектр услуг, как входящих в стоимость так и за отдельную плату. Чтобы снять шлюху переходите на сайт, выбирайте понравившуюся и звоните ей!;Тайские проститутки
trampling;Услуги от проституток :city2: трамплинг;Услуги от проституток :city2: садо-мазо, БДСМ, трамплинг - специальные услуги для взыскательных клиентов, которые хотят чего-то новенького.;Трамплинг – услуги проституток
tseluyus;Проститутки :city2 которые целуются ;Все анкеты проституток :city2 с интим услугой «Поцелуи» Лучшие индивидуалки с фото, телефонами, описанием и отзывами.;проститутки с услугой Целуюсь
ukrainka;Украинские проститутки и индивидуалки :city3;Украинские проститутки представленны на нашем сайте с подробными анкетами с фото, отзывами и параметрами. Украинские Индивидуалки предоставляют широкий спектр услуг, как входящих в стоимость так и за отдельную плату. Чтобы снять шлюху переходите на сайт, выбирайте понравившуюся и звоните ей!;Украинские проститутки
urologicheskiy-massazh;Услуги от индивидуалок :city2: массаж урологический;Услуги от индивидуалок :city2: массаж урологический - неоценимая польза при проблемах и отличная профилактика для здорового секса - мы ждем вас!;Массаж урологический – услуги проституток
uslugi-semeynoy-pare;Услуги от индивидуалок :city2: услуги семейной паре;Услуги от индивидуалок :city2: услуги семейной паре - опытные и умелые девушки с удовольствием дополнят интимные развлечения семейной пары. Звоните, ваш секс может быть еще интереснее!;Услуги семейной паре – услуги проституток
uygurka;Проститутки индивидуалки Уйгурки :city3;Проститутки Уйгурки представленны на нашем сайте с подробными анкетами с фото, отзывами и параметрами. Индивидуалки Уйгурки предоставляют широкий спектр услуг, как входящих в стоимость так и за отдельную плату. Чтобы снять шлюху переходите на сайт, выбирайте понравившуюся и звоните ей!;Проститутки Уйгурки
uzbechka;Проститутки узбечки, снять индивидуалку узбечку  :city3;Дешевые проститутки и индивидуалки узбечки собраны на нашем сайте. Здесь вы всегда можете найти подходящую шлюху, ведь у нас большой ассортимент анкет с параметрами, фото, ценами и номерами телефона!;Проститутки узбечки
vetka-sakury;Услуги от индивидуалок :city2: массаж Ветка сакуры;Услуги от индивидуалок :city2: массаж Ветка сакуры - чувственный массаж для расслабления и поднятия настроение, отличная подготовка к качественному сексу;Массаж ветка сакуры – услуги проституток
vetnamka;Проститутки Вьетнамки :city3, снять вьетнамскую шлюху;Проститутки Вьетнамки представленны на нашем сайте с подробными анкетами с фото, отзывами и параметрами. Индивидуалки Вьетнамки предоставляют широкий спектр услуг, как входящих в стоимость так и за отдельную плату. Чтобы снять шлюху переходите на сайт, выбирайте понравившуюся и звоните ей!;Проститутки Вьетнамки
virtualnyy-seks;Вирт с проститутками :city2 в чате - флирт и виртуальный секс со шлюхами Мск;Снять проститутку для вирта :city3 можно на нашем сайте. Здесь публикуют объявления все индивидуалки и шлюхи Мск с услугами виртуального секса. В анкетах есть важные подробности, включая тип (текстовый флирт, звонок, видео), номера телефонов и фотографии;Проститутки :city2 с услугой вирт
v-klube;Проститутки :city3 с выездом в клуб;Индивидуалки с выездом в клуб: проститутки :city рады вашему звонку и готовы в лбое время дня и ночи отправиться к клиенту в клуб - незабываемые впечатления гарантированы;Проститутки с выездом в клуб
v-mashine;Проститутки обслуживающие в машине :city3;Дешевые проститутки :city2 для секса в машине. Встреча с проституткой в машине может закончиться для Вас сногсшибательным отсосом, глубоким, горловым минетом или любым другим видом секса – все зависит от желания клиента.;Проститутки в машине
v-saune;Проститутки с выездом в сауну;Индивидуалки с выездом в сауну - проститутки готовы встретиться с клиентом в сауне, чтобы горячими объятиями дополнить приятные банные процедуры;Проститутки с выездом в сауну
yaponka;Японские проститутки :city3.  Шлюхи Японки ;Японские проститутки представленны на нашем сайте с подробными анкетами с фото, отзывами и параметрами. Японские Индивидуалки предоставляют широкий спектр услуг, как входящих в стоимость так и за отдельную плату. Чтобы снять шлюху переходите на сайт, выбирайте понравившуюся и звоните ей!;Японские проститутки
zolotoy-dozhd;Услуги от проституток :city2: золотой дождь (выдача);Услуги от проституток :city2: золотой дождь (выдача) - горячие удовольствия ждут вас, Не упустите воможность побаловать себя!;Золотой дождь выдача – услуги проституток
fingering;Услуги от проституток :city2: Фингеринг;Услуги от проституток :city2: фингеринг - горячие удовольствия ждут вас, Не упустите воможность побаловать себя!;Фингеринг
ekspress;Экспресс проститутки :city3 - шлюхи с быстрой программой :city;Снять проститутку с экспресс услугами :city3 можно тут. Здесь публикуют объявления все шлюхи с ускоренными услугами на полчаса. Заказать быстро секс;Экспресс
ceks-po-telefonu;Услуги от проституток :city2 Секс по телефону;Услуги от проституток :city2: секс по телефону - горячие удовольствия ждут вас, Не упустите воможность побаловать себя!; Секс по телефону
